Tumor_Sample_Barcode,Frame_Shift_Ins,Missense_Mutation,Nonsense_Mutation,Splice_Site,total,cancer
TCGA-CK-4951-01A-01D-1408-10,0,1,0,1,2,COAD
TCGA-GN-A267-06A-21D-A196-08,0,2,0,0,2,SKCM
TCGA-05-4396-01A-21D-1855-08,0,1,0,0,1,LUAD
TCGA-06-5416-01A-01D-1486-08,0,1,0,0,1,GBM
TCGA-14-0817-01A-01D-1492-08,0,1,0,0,1,GBM
TCGA-16-0846-01A-01D-1492-08,0,1,0,0,1,GBM
TCGA-22-A5C4-01A-12D-A27K-08,0,1,0,0,1,LUSC
TCGA-24-2290-01A-01W-0799-08,0,1,0,0,1,OV
TCGA-25-2399-01A-01W-0799-08,0,1,0,0,1,OV
TCGA-37-A5EM-01A-21D-A27K-08,0,1,0,0,1,LUSC
TCGA-44-7670-01A-11D-2063-08,0,1,0,0,1,LUAD
TCGA-55-6985-01A-11D-1945-08,0,1,0,0,1,LUAD
TCGA-55-7283-01A-11D-2036-08,0,1,0,0,1,LUAD
TCGA-55-8207-01A-11D-2238-08,0,1,0,0,1,LUAD
TCGA-55-8302-01A-11D-2323-08,0,1,0,0,1,LUAD
TCGA-58-8386-01A-11D-2293-08,0,0,0,1,1,LUSC
TCGA-60-2714-01A-01D-1522-08,0,1,0,0,1,LUSC
TCGA-60-2725-01A-01D-1267-08,0,1,0,0,1,LUSC
TCGA-66-2754-01A-01D-0983-08,0,1,0,0,1,LUSC
TCGA-66-2768-01A-01W-0877-08,0,1,0,0,1,LUSC
TCGA-66-2780-01A-01D-1522-08,0,1,0,0,1,LUSC
TCGA-69-7978-01A-11D-2184-08,0,1,0,0,1,LUAD
TCGA-77-6842-01A-11D-1945-08,0,1,0,0,1,LUSC
TCGA-77-8133-01A-12D-2244-08,0,1,0,0,1,LUSC
TCGA-78-8662-01A-11D-2393-08,0,1,0,0,1,LUAD
TCGA-85-A4CL-01A-41D-A26M-08,0,1,0,0,1,LUSC
TCGA-A5-A2K5-01A-11D-A17W-09,0,0,1,0,1,UCEC
TCGA-AG-3592-01A-02D-1733-10,0,1,0,0,1,READ
TCGA-AJ-A3EL-01A-11D-A20S-09,0,1,0,0,1,UCEC
TCGA-AM-5821-01A-01D-1650-10,0,1,0,0,1,COAD
TCGA-AN-A046-01A-21W-A050-09,0,1,0,0,1,BRCA
TCGA-AZ-6598-01A-11D-1771-10,0,0,1,0,1,COAD
TCGA-B8-A54K-01A-11D-A33K-10,0,1,0,0,1,KIRC
TCGA-BF-AAP2-01A-11D-A401-08,0,1,0,0,1,SKCM
TCGA-BR-7851-01A-11D-2201-08,0,0,1,0,1,STAD
TCGA-CD-8536-01A-11D-2340-08,1,0,0,0,1,STAD
TCGA-CF-A1HS-01A-11D-A13W-08,0,1,0,0,1,BLCA
TCGA-CG-4460-01A-01D-1158-08,0,1,0,0,1,STAD
TCGA-CN-A641-01A-11D-A30E-08,0,1,0,0,1,HNSC
TCGA-CR-5247-01A-01D-2012-08,0,1,0,0,1,HNSC
TCGA-CR-6472-01A-11D-1870-08,0,0,0,1,1,HNSC
TCGA-D3-A8GB-06A-11D-A372-08,0,0,1,0,1,SKCM
TCGA-D3-A8GI-06A-11D-A372-08,0,1,0,0,1,SKCM
TCGA-D3-A8GM-06A-11D-A372-08,0,1,0,0,1,SKCM
TCGA-D3-A8GN-06A-11D-A372-08,0,1,0,0,1,SKCM
TCGA-D5-6530-01A-11D-1719-10,0,1,0,0,1,COAD
TCGA-D6-6516-01A-11D-1870-08,0,1,0,0,1,HNSC
TCGA-D9-A6EC-06A-11D-A30X-08,0,1,0,0,1,SKCM
TCGA-DA-A1HY-06A-11D-A19A-08,0,1,0,0,1,SKCM
TCGA-DD-AAC8-01A-11D-A40R-10,0,1,0,0,1,LIHC
TCGA-E7-A4IJ-01A-31D-A26M-08,0,1,0,0,1,BLCA
TCGA-EE-A29Q-06A-11D-A197-08,0,1,0,0,1,SKCM
TCGA-EE-A2A1-06A-11D-A197-08,0,1,0,0,1,SKCM
TCGA-EE-A2MN-06A-11D-A197-08,0,1,0,0,1,SKCM
TCGA-EE-A2MR-06A-11D-A196-08,0,1,0,0,1,SKCM
TCGA-EI-6507-01A-11D-1733-10,0,1,0,0,1,READ
TCGA-EI-6917-01A-11D-1924-10,0,1,0,0,1,READ
TCGA-EO-A22Y-01A-11D-A17W-09,0,1,0,0,1,UCEC
TCGA-EO-A3B0-01A-12D-A19Y-09,0,0,1,0,1,UCEC
TCGA-ER-A193-06A-12D-A197-08,0,1,0,0,1,SKCM
TCGA-ER-A19G-06A-11D-A196-08,0,1,0,0,1,SKCM
TCGA-F1-6177-01A-11D-1800-08,0,1,0,0,1,STAD
TCGA-FA-A7Q1-01A-11D-A382-10,0,1,0,0,1,DLBC
TCGA-FB-A5VM-01A-11D-A32N-08,0,1,0,0,1,PAAD
TCGA-FR-A726-01A-11D-A32N-08,0,1,0,0,1,SKCM
TCGA-FS-A1Z3-06A-11D-A197-08,0,1,0,0,1,SKCM
TCGA-FW-A3R5-06A-11D-A23B-08,0,1,0,0,1,SKCM
TCGA-G4-6302-01A-11D-1719-10,0,1,0,0,1,COAD
TCGA-HU-A4GU-01A-11D-A25D-08,0,1,0,0,1,STAD
TCGA-IA-A40Y-01A-11D-A25F-10,0,1,0,0,1,KIRP
TCGA-JY-A6FA-01A-11D-A33E-09,0,1,0,0,1,ESCA
TCGA-MN-A4N4-01A-12D-A24P-08,0,1,0,0,1,LUAD
TCGA-PE-A5DE-01A-11D-A27P-09,0,1,0,0,1,BRCA
TCGA-QC-A7B5-01A-11D-A33E-09,0,1,0,0,1,SARC
TCGA-UF-A7J9-01A-12D-A34J-08,0,0,1,0,1,HNSC
TCGA-VQ-A8PX-01A-12D-A410-08,0,1,0,0,1,STAD
TCGA-VS-A8EK-01A-12D-A37N-09,0,1,0,0,1,CESC
TCGA-W3-AA1O-06A-11D-A38G-08,0,1,0,0,1,SKCM
TCGA-W3-AA1W-06A-11D-A38G-08,0,1,0,0,1,SKCM
TCGA-WK-A8XY-01A-11D-A37C-09,0,1,0,0,1,SARC
TCGA-XF-AAMQ-01A-11D-A42E-08,0,1,0,0,1,BLCA
TCGA-YD-A89C-06A-11D-A372-08,0,1,0,0,1,SKCM
TCGA-ZF-AA51-01A-21D-A391-08,0,1,0,0,1,BLCA
